use saloonBeauty;
-- заполнение таблицы Типы услуг
insert into servTypes(servTypeCode, servType)
values
(1,'парикмахерские'),
(2,'маникюр'),
(3,'косметические'),
(4,'массаж'),
(5,'педикюр');
-- заполнения таблицы Мастера
insert into masters (masterCode, masterName, masterTel, servTypeCode)
values
(1,'Щукина Алина',     '1234567890', 1),
(2,'Окунева Ольга',    '2345678901', 2),
(3,'Сомова Татьяна',   '3456789012', 3),
(4,'Таранкина Алла',   '4567890123', 4),
(5,'Осетрова Наталья', '5678901234', 5);
-- заполнения таблицы Клиенты
insert into clients (clientCode, clientName, clientTel)
values
(1,'Голубева Марина',    '1234567890'),
(2,'Воробьёва Юлия',     '2345678901'),
(3,'Чайкина Галина',     '3456789012'),
(4,'Воронова Елизавета', '4567890123'),
(5,'Щеглова Екатерина',  '5678901234');
-- заполнение таблицы Услуги
insert into services (servCode, servName, servPrice, servDuration, servTypeCode)
values
(1,  'стрижка бокс',        400, 1, 1),
(2,  'стрижка полубокс',    600, 1, 1),
(3,  'стрижка британка',    800, 2, 1),
(4,  'стрижка цезарь',      1000, 2, 1),
(5,  'стрижка боб',         1000, 2, 1),
(6,  'стрижка каре',        1100, 2, 1),
(7,  'стрижка пикси',       1200, 2, 1),
(8,  'стрижка каскад',      1300, 2, 1),
(9,  'маникюр классический',1000, 2, 2),
(10, 'маникюр аппаратный',  1500, 3, 2),
(11, 'визаж',               1000, 2, 3),
(12, 'маска',                500, 1, 3),
(13, 'массаж лица',         1000, 1, 3),
(14, 'массаж рук',          500, 1, 4),
(15, 'массаж ног',          700, 1, 4),
(16, 'массаж спины',         1000,1, 4),
(17, 'массаж ворот.',         700,1, 4),
(18, 'педикюр классический', 1000,2, 5),
(19, 'педикюр аппаратный',   1000,2, 5);
-- заполнение таблицы оказания услуг
insert into appointments (appCode, masterCode, clientCode, servTypeCode, servCode, queueFrom, queueTo,appDate)
values
(1,1,5,1,8, 1,2,'2025-09-29'),
(2,1,2,1,7, 3,4,'2025-09-29'),
(3,1,3,1,6, 4,5,'2025-09-29'),
(4,1,4,1,4, 6,7,'2025-09-29'),
(5,2,1,2,9, 3,4,'2025-09-29'),
(6,2,4,2,10,4,6,'2025-09-29'),
(7,4,5,5,18,5,6,'2025-09-29'),
(8,4,3,4,16,7,7,'2025-09-29');

-- заполнение стобца активности в таблице clients
use saloonBeauty;
update clients set clientsActivity = 'да';

-- заполнение стобца активности в таблице masters
use saloonBeauty;
update masters set mastersActivity = 'да';

-- заполнение стобца активности в таблице services
use saloonBeauty;
update services set servicesActivity = 'да';

-- заполнение стобца активности в таблице servTypes
use saloonBeauty;
update servTypes set servTypesActivity = 'да';

-- заполнение стобца активности в таблице appointments
use saloonBeauty;
update appointments set appointmentsActivity = 'да';

-- УБИРАЕМ БЕЗОПАСНЫЙ РЕЖИМ
set SQL_SAFE_UPDATES = 0